formula_id,spec,semantics,algorithm,mode,n_samples,m_runs,avg_total_s,avg_per_sample_s,avg_per_sample_us,temporal_depth
1,"G[0,1.0] (x > 0.0)",DelayedQuantitative,Incremental,online,20000,50,0.004514066660002527,2.2570333300012635e-07,0.22570333300012635,1.0
2,"G[0,100.0] (x > 0.0)",DelayedQuantitative,Incremental,online,20000,50,0.00644437837999817,3.222189189999085e-07,0.3222189189999085,100.0
3,"G[0,200.0] (x > 0.0)",DelayedQuantitative,Incremental,online,20000,50,0.007410775839996404,3.705387919998202e-07,0.3705387919998202,200.0
4,"G[0,300.0] (x > 0.0)",DelayedQuantitative,Incremental,online,20000,50,0.0080173024599992,4.0086512299996004e-07,0.40086512299996,300.0
5,"G[0,400.0] (x > 0.0)",DelayedQuantitative,Incremental,online,20000,50,0.008456320860000232,4.228160430000116e-07,0.42281604300001163,400.0
6,"G[0,500.0] (x > 0.0)",DelayedQuantitative,Incremental,online,20000,50,0.00893765922000398,4.46882961000199e-07,0.446882961000199,500.0
7,"G[0,600.0] (x > 0.0)",DelayedQuantitative,Incremental,online,20000,50,0.00928675081999927,4.643375409999635e-07,0.4643375409999635,600.0
8,"G[0,700.0] (x > 0.0)",DelayedQuantitative,Incremental,online,20000,50,0.009697274179998203,4.848637089999101e-07,0.4848637089999101,700.0
9,"G[0,800.0] (x > 0.0)",DelayedQuantitative,Incremental,online,20000,50,0.009758579180005427,4.879289590002714e-07,0.4879289590002714,800.0
10,"G[0,900.0] (x > 0.0)",DelayedQuantitative,Incremental,online,20000,50,0.009791342440005337,4.895671220002669e-07,0.4895671220002669,900.0
11,"G[0,1000.0] (x > 0.0)",DelayedQuantitative,Incremental,online,20000,50,0.0097776707599985,4.88883537999925e-07,0.488883537999925,1000.0
12,"G[0,1100.0] (x > 0.0)",DelayedQuantitative,Incremental,online,20000,50,0.009945993319998934,4.972996659999467e-07,0.4972996659999467,1100.0
13,"G[0,1200.0] (x > 0.0)",DelayedQuantitative,Incremental,online,20000,50,0.009953462459993716,4.976731229996858e-07,0.4976731229996858,1200.0
14,"G[0,1300.0] (x > 0.0)",DelayedQuantitative,Incremental,online,20000,50,0.00989767994000431,4.948839970002155e-07,0.49488399700021546,1300.0
15,"G[0,1400.0] (x > 0.0)",DelayedQuantitative,Incremental,online,20000,50,0.009853478320001158,4.926739160000579e-07,0.4926739160000579,1400.0
16,"G[0,1500.0] (x > 0.0)",DelayedQuantitative,Incremental,online,20000,50,0.00999879254000689,4.999396270003445e-07,0.49993962700034444,1500.0
17,"G[0,1600.0] (x > 0.0)",DelayedQuantitative,Incremental,online,20000,50,0.009561800860001312,4.780900430000656e-07,0.4780900430000656,1600.0
18,"G[0,1700.0] (x > 0.0)",DelayedQuantitative,Incremental,online,20000,50,0.009580883339997398,4.790441669998699e-07,0.4790441669998699,1700.0
19,"G[0,1800.0] (x > 0.0)",DelayedQuantitative,Incremental,online,20000,50,0.009602049140003146,4.801024570001573e-07,0.4801024570001573,1800.0
20,"G[0,1900.0] (x > 0.0)",DelayedQuantitative,Incremental,online,20000,50,0.00957251001999566,4.786255009997831e-07,0.47862550099978307,1900.0
21,"G[0,2000.0] (x > 0.0)",DelayedQuantitative,Incremental,online,20000,50,0.009587283360001492,4.793641680000746e-07,0.4793641680000746,2000.0
22,"G[0,2100.0] (x > 0.0)",DelayedQuantitative,Incremental,online,20000,50,0.00965857084000163,4.829285420000816e-07,0.48292854200008156,2100.0
23,"G[0,2200.0] (x > 0.0)",DelayedQuantitative,Incremental,online,20000,50,0.009574232499996924,4.787116249998463e-07,0.47871162499984626,2200.0
24,"G[0,2300.0] (x > 0.0)",DelayedQuantitative,Incremental,online,20000,50,0.009551402519998647,4.775701259999324e-07,0.47757012599993237,2300.0
25,"G[0,2400.0] (x > 0.0)",DelayedQuantitative,Incremental,online,20000,50,0.009715299100005268,4.857649550002634e-07,0.48576495500026345,2400.0
26,"G[0,2500.0] (x > 0.0)",DelayedQuantitative,Incremental,online,20000,50,0.009577103420000413,4.788551710000206e-07,0.4788551710000206,2500.0
27,"G[0,2600.0] (x > 0.0)",DelayedQuantitative,Incremental,online,20000,50,0.009660757459998877,4.830378729999438e-07,0.48303787299994383,2600.0
28,"G[0,2700.0] (x > 0.0)",DelayedQuantitative,Incremental,online,20000,50,0.009852530819999856,4.926265409999928e-07,0.49262654099999276,2700.0
29,"G[0,2800.0] (x > 0.0)",DelayedQuantitative,Incremental,online,20000,50,0.0097866932799991,4.89334663999955e-07,0.48933466399995496,2800.0
30,"G[0,2900.0] (x > 0.0)",DelayedQuantitative,Incremental,online,20000,50,0.009870811640003013,4.935405820001506e-07,0.4935405820001506,2900.0
31,"G[0,3000.0] (x > 0.0)",DelayedQuantitative,Incremental,online,20000,50,0.009998841680002216,4.999420840001108e-07,0.4999420840001108,3000.0
32,"G[0,3100.0] (x > 0.0)",DelayedQuantitative,Incremental,online,20000,50,0.01007809504000761,5.039047520003806e-07,0.5039047520003805,3100.0
33,"G[0,3200.0] (x > 0.0)",DelayedQuantitative,Incremental,online,20000,50,0.00992271332000314,4.96135666000157e-07,0.496135666000157,3200.0
34,"G[0,3300.0] (x > 0.0)",DelayedQuantitative,Incremental,online,20000,50,0.009941069119995517,4.970534559997759e-07,0.49705345599977585,3300.0
35,"G[0,3400.0] (x > 0.0)",DelayedQuantitative,Incremental,online,20000,50,0.010140813259998821,5.07040662999941e-07,0.507040662999941,3400.0
36,"G[0,3500.0] (x > 0.0)",DelayedQuantitative,Incremental,online,20000,50,0.01037734346000093,5.188671730000465e-07,0.5188671730000466,3500.0
37,"G[0,3600.0] (x > 0.0)",DelayedQuantitative,Incremental,online,20000,50,0.010117731679997632,5.058865839998817e-07,0.5058865839998816,3600.0
38,"G[0,3700.0] (x > 0.0)",DelayedQuantitative,Incremental,online,20000,50,0.009823196679997181,4.91159833999859e-07,0.491159833999859,3700.0
39,"G[0,3800.0] (x > 0.0)",DelayedQuantitative,Incremental,online,20000,50,0.009757084119997898,4.878542059998949e-07,0.4878542059998949,3800.0
40,"G[0,3900.0] (x > 0.0)",DelayedQuantitative,Incremental,online,20000,50,0.009546113300004891,4.773056650002446e-07,0.47730566500024457,3900.0
41,"G[0,4000.0] (x > 0.0)",DelayedQuantitative,Incremental,online,20000,50,0.009852128979997588,4.926064489998795e-07,0.49260644899987943,4000.0
42,"G[0,4100.0] (x > 0.0)",DelayedQuantitative,Incremental,online,20000,50,0.009675858360002393,4.837929180001197e-07,0.4837929180001197,4100.0
43,"G[0,4200.0] (x > 0.0)",DelayedQuantitative,Incremental,online,20000,50,0.009659440820006466,4.829720410003232e-07,0.4829720410003232,4200.0
44,"G[0,4300.0] (x > 0.0)",DelayedQuantitative,Incremental,online,20000,50,0.009574563399997942,4.787281699998971e-07,0.4787281699998971,4300.0
45,"G[0,4400.0] (x > 0.0)",DelayedQuantitative,Incremental,online,20000,50,0.009674108459998934,4.837054229999466e-07,0.4837054229999466,4400.0
46,"G[0,4500.0] (x > 0.0)",DelayedQuantitative,Incremental,online,20000,50,0.009717089080004371,4.858544540002186e-07,0.4858544540002186,4500.0
47,"G[0,4600.0] (x > 0.0)",DelayedQuantitative,Incremental,online,20000,50,0.009686810759997116,4.843405379998558e-07,0.4843405379998558,4600.0
48,"G[0,4700.0] (x > 0.0)",DelayedQuantitative,Incremental,online,20000,50,0.009914083359996084,4.957041679998042e-07,0.49570416799980416,4700.0
49,"G[0,4800.0] (x > 0.0)",DelayedQuantitative,Incremental,online,20000,50,0.009839077499998438,4.91953874999922e-07,0.49195387499992194,4800.0
50,"G[0,4900.0] (x > 0.0)",DelayedQuantitative,Incremental,online,20000,50,0.00985184080000181,4.925920400000905e-07,0.4925920400000905,4900.0
51,"G[0,5000.0] (x > 0.0)",DelayedQuantitative,Incremental,online,20000,50,0.009934596760006116,4.967298380003057e-07,0.49672983800030573,5000.0
52,"F[0,1.0] (x > 0.0)",DelayedQuantitative,Incremental,online,20000,50,0.0045270849799999265,2.2635424899999631e-07,0.22635424899999632,1.0
53,"F[0,100.0] (x > 0.0)",DelayedQuantitative,Incremental,online,20000,50,0.0067401674400002776,3.3700837200001387e-07,0.3370083720000139,100.0
54,"F[0,200.0] (x > 0.0)",DelayedQuantitative,Incremental,online,20000,50,0.007467269939998005,3.7336349699990024e-07,0.37336349699990024,200.0
55,"F[0,300.0] (x > 0.0)",DelayedQuantitative,Incremental,online,20000,50,0.008019681620000938,4.009840810000469e-07,0.4009840810000469,300.0
56,"F[0,400.0] (x > 0.0)",DelayedQuantitative,Incremental,online,20000,50,0.008126415839997207,4.0632079199986036e-07,0.4063207919998604,400.0
57,"F[0,500.0] (x > 0.0)",DelayedQuantitative,Incremental,online,20000,50,0.008318997500001615,4.159498750000807e-07,0.41594987500008074,500.0
58,"F[0,600.0] (x > 0.0)",DelayedQuantitative,Incremental,online,20000,50,0.008504081700002643,4.2520408500013215e-07,0.4252040850001322,600.0
59,"F[0,700.0] (x > 0.0)",DelayedQuantitative,Incremental,online,20000,50,0.008560737459999928,4.280368729999964e-07,0.4280368729999964,700.0
60,"F[0,800.0] (x > 0.0)",DelayedQuantitative,Incremental,online,20000,50,0.008434366660002296,4.217183330001148e-07,0.4217183330001148,800.0
61,"F[0,900.0] (x > 0.0)",DelayedQuantitative,Incremental,online,20000,50,0.008630134319997752,4.315067159998876e-07,0.4315067159998876,900.0
62,"F[0,1000.0] (x > 0.0)",DelayedQuantitative,Incremental,online,20000,50,0.00848819996000998,4.24409998000499e-07,0.424409998000499,1000.0
63,"F[0,1100.0] (x > 0.0)",DelayedQuantitative,Incremental,online,20000,50,0.008627479240001321,4.3137396200006607e-07,0.43137396200006606,1100.0
64,"F[0,1200.0] (x > 0.0)",DelayedQuantitative,Incremental,online,20000,50,0.008608978439999646,4.304489219999823e-07,0.4304489219999823,1200.0
65,"F[0,1300.0] (x > 0.0)",DelayedQuantitative,Incremental,online,20000,50,0.008859073299995544,4.429536649997772e-07,0.44295366499977723,1300.0
66,"F[0,1400.0] (x > 0.0)",DelayedQuantitative,Incremental,online,20000,50,0.008672178400007623,4.336089200003812e-07,0.4336089200003812,1400.0
67,"F[0,1500.0] (x > 0.0)",DelayedQuantitative,Incremental,online,20000,50,0.008687182479998229,4.343591239999114e-07,0.4343591239999114,1500.0
68,"F[0,1600.0] (x > 0.0)",DelayedQuantitative,Incremental,online,20000,50,0.008697276679995411,4.3486383399977056e-07,0.4348638339997706,1600.0
69,"F[0,1700.0] (x > 0.0)",DelayedQuantitative,Incremental,online,20000,50,0.008682508259996667,4.341254129998333e-07,0.4341254129998333,1700.0
70,"F[0,1800.0] (x > 0.0)",DelayedQuantitative,Incremental,online,20000,50,0.008800592539995478,4.400296269997739e-07,0.44002962699977394,1800.0
71,"F[0,1900.0] (x > 0.0)",DelayedQuantitative,Incremental,online,20000,50,0.008749524939998992,4.3747624699994956e-07,0.4374762469999496,1900.0
72,"F[0,2000.0] (x > 0.0)",DelayedQuantitative,Incremental,online,20000,50,0.008896079180000243,4.4480395900001215e-07,0.44480395900001213,2000.0
73,"F[0,2100.0] (x > 0.0)",DelayedQuantitative,Incremental,online,20000,50,0.008889368259999628,4.444684129999814e-07,0.4444684129999814,2100.0
74,"F[0,2200.0] (x > 0.0)",DelayedQuantitative,Incremental,online,20000,50,0.009044940899999574,4.5224704499997874e-07,0.45224704499997875,2200.0
75,"F[0,2300.0] (x > 0.0)",DelayedQuantitative,Incremental,online,20000,50,0.008933867419995068,4.466933709997534e-07,0.44669337099975337,2300.0
76,"F[0,2400.0] (x > 0.0)",DelayedQuantitative,Incremental,online,20000,50,0.008930717479996702,4.465358739998351e-07,0.4465358739998351,2400.0
77,"F[0,2500.0] (x > 0.0)",DelayedQuantitative,Incremental,online,20000,50,0.008909301639994283,4.4546508199971416e-07,0.4454650819997142,2500.0
78,"F[0,2600.0] (x > 0.0)",DelayedQuantitative,Incremental,online,20000,50,0.008902293380000401,4.4511466900002005e-07,0.44511466900002006,2600.0
79,"F[0,2700.0] (x > 0.0)",DelayedQuantitative,Incremental,online,20000,50,0.009078870879999385,4.5394354399996923e-07,0.4539435439999692,2700.0
80,"F[0,2800.0] (x > 0.0)",DelayedQuantitative,Incremental,online,20000,50,0.008991544119998024,4.495772059999012e-07,0.4495772059999012,2800.0
81,"F[0,2900.0] (x > 0.0)",DelayedQuantitative,Incremental,online,20000,50,0.009092812499995944,4.5464062499979723e-07,0.45464062499979724,2900.0
82,"F[0,3000.0] (x > 0.0)",DelayedQuantitative,Incremental,online,20000,50,0.00890203995999741,4.451019979998705e-07,0.4451019979998705,3000.0
83,"F[0,3100.0] (x > 0.0)",DelayedQuantitative,Incremental,online,20000,50,0.009042340040000454,4.521170020000227e-07,0.4521170020000227,3100.0
84,"F[0,3200.0] (x > 0.0)",DelayedQuantitative,Incremental,online,20000,50,0.008847088359998452,4.4235441799992263e-07,0.44235441799992264,3200.0
85,"F[0,3300.0] (x > 0.0)",DelayedQuantitative,Incremental,online,20000,50,0.008922482500001933,4.461241250000966e-07,0.4461241250000966,3300.0
86,"F[0,3400.0] (x > 0.0)",DelayedQuantitative,Incremental,online,20000,50,0.008891553360007265,4.4457766800036326e-07,0.44457766800036325,3400.0
87,"F[0,3500.0] (x > 0.0)",DelayedQuantitative,Incremental,online,20000,50,0.008766100820004112,4.383050410002056e-07,0.43830504100020556,3500.0
88,"F[0,3600.0] (x > 0.0)",DelayedQuantitative,Incremental,online,20000,50,0.008606011599998737,4.303005799999368e-07,0.4303005799999368,3600.0
89,"F[0,3700.0] (x > 0.0)",DelayedQuantitative,Incremental,online,20000,50,0.008651240759999155,4.3256203799995774e-07,0.43256203799995774,3700.0
90,"F[0,3800.0] (x > 0.0)",DelayedQuantitative,Incremental,online,20000,50,0.008629000739999811,4.3145003699999057e-07,0.43145003699999057,3800.0
91,"F[0,3900.0] (x > 0.0)",DelayedQuantitative,Incremental,online,20000,50,0.008717690699999139,4.3588453499995696e-07,0.43588453499995694,3900.0
92,"F[0,4000.0] (x > 0.0)",DelayedQuantitative,Incremental,online,20000,50,0.008809233380003435,4.404616690001717e-07,0.4404616690001717,4000.0
93,"F[0,4100.0] (x > 0.0)",DelayedQuantitative,Incremental,online,20000,50,0.009009066640003312,4.504533320001656e-07,0.45045333200016563,4100.0
94,"F[0,4200.0] (x > 0.0)",DelayedQuantitative,Incremental,online,20000,50,0.008840264980001393,4.420132490000697e-07,0.44201324900006966,4200.0
95,"F[0,4300.0] (x > 0.0)",DelayedQuantitative,Incremental,online,20000,50,0.008754627420005363,4.377313710002681e-07,0.4377313710002681,4300.0
96,"F[0,4400.0] (x > 0.0)",DelayedQuantitative,Incremental,online,20000,50,0.0088131157600003,4.4065578800001503e-07,0.44065578800001504,4400.0
97,"F[0,4500.0] (x > 0.0)",DelayedQuantitative,Incremental,online,20000,50,0.008769066780001823,4.384533390000911e-07,0.4384533390000911,4500.0
98,"F[0,4600.0] (x > 0.0)",DelayedQuantitative,Incremental,online,20000,50,0.008762901779999766,4.381450889999883e-07,0.43814508899998833,4600.0
99,"F[0,4700.0] (x > 0.0)",DelayedQuantitative,Incremental,online,20000,50,0.008900236679997987,4.450118339998994e-07,0.4450118339998994,4700.0
100,"F[0,4800.0] (x > 0.0)",DelayedQuantitative,Incremental,online,20000,50,0.008809444840003379,4.4047224200016894e-07,0.44047224200016893,4800.0
101,"F[0,4900.0] (x > 0.0)",DelayedQuantitative,Incremental,online,20000,50,0.008802024199998187,4.4010120999990934e-07,0.4401012099999093,4900.0
102,"F[0,5000.0] (x > 0.0)",DelayedQuantitative,Incremental,online,20000,50,0.009043855899998334,4.5219279499991673e-07,0.4521927949999167,5000.0
103,"(x < 0.0) U[0,1.0] (x > 0.0)",DelayedQuantitative,Incremental,online,20000,50,0.008010038339996299,4.0050191699981496e-07,0.40050191699981497,1.0
104,"(x < 0.0) U[0,100.0] (x > 0.0)",DelayedQuantitative,Incremental,online,20000,50,0.03551020258000222,1.775510129000111e-06,1.775510129000111,100.0
105,"(x < 0.0) U[0,200.0] (x > 0.0)",DelayedQuantitative,Incremental,online,20000,50,0.0568556175200024,2.84278087600012e-06,2.84278087600012,200.0
106,"(x < 0.0) U[0,300.0] (x > 0.0)",DelayedQuantitative,Incremental,online,20000,50,0.07776570428000242,3.888285214000121e-06,3.888285214000121,300.0
107,"(x < 0.0) U[0,400.0] (x > 0.0)",DelayedQuantitative,Incremental,online,20000,50,0.09631648740000287,4.815824370000144e-06,4.8158243700001435,400.0
108,"(x < 0.0) U[0,500.0] (x > 0.0)",DelayedQuantitative,Incremental,online,20000,50,0.11539431576000311,5.769715788000156e-06,5.769715788000156,500.0
109,"(x < 0.0) U[0,600.0] (x > 0.0)",DelayedQuantitative,Incremental,online,20000,50,0.13553690494000079,6.776845247000039e-06,6.77684524700004,600.0
110,"(x < 0.0) U[0,700.0] (x > 0.0)",DelayedQuantitative,Incremental,online,20000,50,0.15507406510000465,7.753703255000233e-06,7.753703255000232,700.0
111,"(x < 0.0) U[0,800.0] (x > 0.0)",DelayedQuantitative,Incremental,online,20000,50,0.17425112585999727,8.712556292999864e-06,8.712556292999864,800.0
112,"(x < 0.0) U[0,900.0] (x > 0.0)",DelayedQuantitative,Incremental,online,20000,50,0.19207299247999912,9.603649623999956e-06,9.603649623999956,900.0
113,"(x < 0.0) U[0,1000.0] (x > 0.0)",DelayedQuantitative,Incremental,online,20000,50,0.21221597587999896,1.0610798793999948e-05,10.610798793999948,1000.0
114,"(x < 0.0) U[0,1100.0] (x > 0.0)",DelayedQuantitative,Incremental,online,20000,50,0.23068532159999905,1.1534266079999952e-05,11.534266079999952,1100.0
115,"(x < 0.0) U[0,1200.0] (x > 0.0)",DelayedQuantitative,Incremental,online,20000,50,0.2512901166800009,1.2564505834000044e-05,12.564505834000045,1200.0
116,"(x < 0.0) U[0,1300.0] (x > 0.0)",DelayedQuantitative,Incremental,online,20000,50,0.26899834489999874,1.3449917244999938e-05,13.449917244999938,1300.0
117,"(x < 0.0) U[0,1400.0] (x > 0.0)",DelayedQuantitative,Incremental,online,20000,50,0.28840678586000307,1.4420339293000153e-05,14.420339293000152,1400.0
118,"(x < 0.0) U[0,1500.0] (x > 0.0)",DelayedQuantitative,Incremental,online,20000,50,0.30431779163999634,1.5215889581999817e-05,15.215889581999818,1500.0
119,"(x < 0.0) U[0,1600.0] (x > 0.0)",DelayedQuantitative,Incremental,online,20000,50,0.3232869333999952,1.616434666999976e-05,16.164346669999762,1600.0
120,"(x < 0.0) U[0,1700.0] (x > 0.0)",DelayedQuantitative,Incremental,online,20000,50,0.33989394502000553,1.6994697251000277e-05,16.99469725100028,1700.0
121,"(x < 0.0) U[0,1800.0] (x > 0.0)",DelayedQuantitative,Incremental,online,20000,50,0.3591283808000071,1.7956419040000353e-05,17.956419040000352,1800.0
122,"(x < 0.0) U[0,1900.0] (x > 0.0)",DelayedQuantitative,Incremental,online,20000,50,0.37430316499999433,1.8715158249999716e-05,18.715158249999718,1900.0
123,"(x < 0.0) U[0,2000.0] (x > 0.0)",DelayedQuantitative,Incremental,online,20000,50,0.3935552474799988,1.967776237399994e-05,19.67776237399994,2000.0
124,"(x < 0.0) U[0,2100.0] (x > 0.0)",DelayedQuantitative,Incremental,online,20000,50,0.4106223892199955,2.0531119460999775e-05,20.531119460999776,2100.0
125,"(x < 0.0) U[0,2200.0] (x > 0.0)",DelayedQuantitative,Incremental,online,20000,50,0.42878946086000724,2.1439473043000363e-05,21.439473043000362,2200.0
126,"(x < 0.0) U[0,2300.0] (x > 0.0)",DelayedQuantitative,Incremental,online,20000,50,0.44255576744000336,2.212778837200017e-05,22.12778837200017,2300.0
127,"(x < 0.0) U[0,2400.0] (x > 0.0)",DelayedQuantitative,Incremental,online,20000,50,0.46058677500000156,2.302933875000008e-05,23.02933875000008,2400.0
128,"(x < 0.0) U[0,2500.0] (x > 0.0)",DelayedQuantitative,Incremental,online,20000,50,0.4758578241399914,2.379289120699957e-05,23.79289120699957,2500.0
129,"(x < 0.0) U[0,2600.0] (x > 0.0)",DelayedQuantitative,Incremental,online,20000,50,0.4920217625400005,2.4601088127000025e-05,24.601088127000025,2600.0
130,"(x < 0.0) U[0,2700.0] (x > 0.0)",DelayedQuantitative,Incremental,online,20000,50,0.5068331808799985,2.5341659043999926e-05,25.341659043999925,2700.0
131,"(x < 0.0) U[0,2800.0] (x > 0.0)",DelayedQuantitative,Incremental,online,20000,50,0.5222948625399954,2.6114743126999767e-05,26.114743126999766,2800.0
132,"(x < 0.0) U[0,2900.0] (x > 0.0)",DelayedQuantitative,Incremental,online,20000,50,0.5372585217399933,2.6862926086999666e-05,26.862926086999668,2900.0
133,"(x < 0.0) U[0,3000.0] (x > 0.0)",DelayedQuantitative,Incremental,online,20000,50,0.5517839182999864,2.758919591499932e-05,27.589195914999323,3000.0
134,"(x < 0.0) U[0,3100.0] (x > 0.0)",DelayedQuantitative,Incremental,online,20000,50,0.5709536174800018,2.854768087400009e-05,28.54768087400009,3100.0
135,"(x < 0.0) U[0,3200.0] (x > 0.0)",DelayedQuantitative,Incremental,online,20000,50,0.5839219808599933,2.9196099042999662e-05,29.196099042999663,3200.0
136,"(x < 0.0) U[0,3300.0] (x > 0.0)",DelayedQuantitative,Incremental,online,20000,50,0.6002030466600058,3.0010152333000288e-05,30.01015233300029,3300.0
137,"(x < 0.0) U[0,3400.0] (x > 0.0)",DelayedQuantitative,Incremental,online,20000,50,0.6157113900000035,3.0785569500000175e-05,30.785569500000175,3400.0
138,"(x < 0.0) U[0,3500.0] (x > 0.0)",DelayedQuantitative,Incremental,online,20000,50,0.63084767414,3.1542383707e-05,31.542383707000003,3500.0
139,"(x < 0.0) U[0,3600.0] (x > 0.0)",DelayedQuantitative,Incremental,online,20000,50,0.6416446049600085,3.208223024800042e-05,32.08223024800042,3600.0
140,"(x < 0.0) U[0,3700.0] (x > 0.0)",DelayedQuantitative,Incremental,online,20000,50,0.6573268391800184,3.2866341959000924e-05,32.86634195900093,3700.0
141,"(x < 0.0) U[0,3800.0] (x > 0.0)",DelayedQuantitative,Incremental,online,20000,50,0.6704124057399986,3.352062028699993e-05,33.52062028699993,3800.0
142,"(x < 0.0) U[0,3900.0] (x > 0.0)",DelayedQuantitative,Incremental,online,20000,50,0.6855683658400039,3.42784182920002e-05,34.2784182920002,3900.0
143,"(x < 0.0) U[0,4000.0] (x > 0.0)",DelayedQuantitative,Incremental,online,20000,50,0.6997164899399831,3.4985824496999155e-05,34.98582449699916,4000.0
144,"(x < 0.0) U[0,4100.0] (x > 0.0)",DelayedQuantitative,Incremental,online,20000,50,0.7345641699799853,3.6728208498999266e-05,36.728208498999265,4100.0
145,"(x < 0.0) U[0,4200.0] (x > 0.0)",DelayedQuantitative,Incremental,online,20000,50,0.7477458834199752,3.738729417099876e-05,37.38729417099876,4200.0
146,"(x < 0.0) U[0,4300.0] (x > 0.0)",DelayedQuantitative,Incremental,online,20000,50,0.7686765442200066,3.843382721100033e-05,38.43382721100033,4300.0
147,"(x < 0.0) U[0,4400.0] (x > 0.0)",DelayedQuantitative,Incremental,online,20000,50,0.7927429733600048,3.963714866800024e-05,39.63714866800024,4400.0
148,"(x < 0.0) U[0,4500.0] (x > 0.0)",DelayedQuantitative,Incremental,online,20000,50,0.8269293399799972,4.134646699899986e-05,41.34646699899986,4500.0
149,"(x < 0.0) U[0,4600.0] (x > 0.0)",DelayedQuantitative,Incremental,online,20000,50,0.8472735408200015,4.2363677041000074e-05,42.363677041000074,4600.0
150,"(x < 0.0) U[0,4700.0] (x > 0.0)",DelayedQuantitative,Incremental,online,20000,50,0.8705483850599967,4.3527419252999835e-05,43.527419252999834,4700.0
151,"(x < 0.0) U[0,4800.0] (x > 0.0)",DelayedQuantitative,Incremental,online,20000,50,0.8956462158799877,4.478231079399939e-05,44.782310793999386,4800.0
152,"(x < 0.0) U[0,4900.0] (x > 0.0)",DelayedQuantitative,Incremental,online,20000,50,0.9141266242199981,4.570633121099991e-05,45.70633121099991,4900.0
153,"(x < 0.0) U[0,5000.0] (x > 0.0)",DelayedQuantitative,Incremental,online,20000,50,0.9283235617999799,4.6416178089998997e-05,46.41617808999899,5000.0
154,(x < 0.5) and (x > -0.5),DelayedQuantitative,Incremental,online,20000,50,0.005107818319997932,2.553909159998966e-07,0.2553909159998966,0.0
155,"G[0,1000] (x > 0.5 -> F[0,100] (x < 0.0))",DelayedQuantitative,Incremental,online,20000,50,0.014517563299996254,7.258781649998127e-07,0.7258781649998127,1100.0
156,"(G[0,100] (x < 0.5)) or (G[100,150] (x > 0.0))",DelayedQuantitative,Incremental,online,20000,50,0.012723743339997783,6.361871669998891e-07,0.6361871669998891,150.0
1,"G[0,1.0] (x > 0.0)",DelayedQualitative,Incremental,online,20000,50,0.004634892499993839,2.3174462499969192e-07,0.23174462499969192,1.0
2,"G[0,100.0] (x > 0.0)",DelayedQualitative,Incremental,online,20000,50,0.005056434059997628,2.528217029998814e-07,0.2528217029998814,100.0
3,"G[0,200.0] (x > 0.0)",DelayedQualitative,Incremental,online,20000,50,0.00500684669999373,2.503423349996865e-07,0.2503423349996865,200.0
4,"G[0,300.0] (x > 0.0)",DelayedQualitative,Incremental,online,20000,50,0.0050928441200176165,2.546422060008808e-07,0.25464220600088083,300.0
5,"G[0,400.0] (x > 0.0)",DelayedQualitative,Incremental,online,20000,50,0.005050160079972557,2.5250800399862785e-07,0.25250800399862783,400.0
6,"G[0,500.0] (x > 0.0)",DelayedQualitative,Incremental,online,20000,50,0.0050904966400230475,2.5452483200115237e-07,0.2545248320011524,500.0
7,"G[0,600.0] (x > 0.0)",DelayedQualitative,Incremental,online,20000,50,0.004963437480018911,2.4817187400094555e-07,0.24817187400094556,600.0
8,"G[0,700.0] (x > 0.0)",DelayedQualitative,Incremental,online,20000,50,0.005154349240042393,2.5771746200211966e-07,0.25771746200211965,700.0
9,"G[0,800.0] (x > 0.0)",DelayedQualitative,Incremental,online,20000,50,0.005182037500021579,2.5910187500107897e-07,0.25910187500107895,800.0
10,"G[0,900.0] (x > 0.0)",DelayedQualitative,Incremental,online,20000,50,0.005196503300007862,2.5982516500039313e-07,0.25982516500039315,900.0
11,"G[0,1000.0] (x > 0.0)",DelayedQualitative,Incremental,online,20000,50,0.005101555060005012,2.550777530002506e-07,0.2550777530002506,1000.0
12,"G[0,1100.0] (x > 0.0)",DelayedQualitative,Incremental,online,20000,50,0.005205675779975536,2.602837889987768e-07,0.2602837889987768,1100.0
13,"G[0,1200.0] (x > 0.0)",DelayedQualitative,Incremental,online,20000,50,0.0051158791800162366,2.5579395900081183e-07,0.2557939590008118,1200.0
14,"G[0,1300.0] (x > 0.0)",DelayedQualitative,Incremental,online,20000,50,0.005063120799986791,2.5315603999933953e-07,0.25315603999933955,1300.0
15,"G[0,1400.0] (x > 0.0)",DelayedQualitative,Incremental,online,20000,50,0.005208628359982867,2.6043141799914335e-07,0.2604314179991434,1400.0
16,"G[0,1500.0] (x > 0.0)",DelayedQualitative,Incremental,online,20000,50,0.005177287519991296,2.588643759995648e-07,0.2588643759995648,1500.0
17,"G[0,1600.0] (x > 0.0)",DelayedQualitative,Incremental,online,20000,50,0.005115935899989381,2.5579679499946904e-07,0.25579679499946906,1600.0
18,"G[0,1700.0] (x > 0.0)",DelayedQualitative,Incremental,online,20000,50,0.005182409219983129,2.5912046099915645e-07,0.2591204609991564,1700.0
19,"G[0,1800.0] (x > 0.0)",DelayedQualitative,Incremental,online,20000,50,0.005036671660027423,2.5183358300137116e-07,0.25183358300137115,1800.0
20,"G[0,1900.0] (x > 0.0)",DelayedQualitative,Incremental,online,20000,50,0.0052164149199870734,2.608207459993537e-07,0.2608207459993537,1900.0
21,"G[0,2000.0] (x > 0.0)",DelayedQualitative,Incremental,online,20000,50,0.005186867460010945,2.5934337300054723e-07,0.2593433730005472,2000.0
22,"G[0,2100.0] (x > 0.0)",DelayedQualitative,Incremental,online,20000,50,0.005069920080013617,2.5349600400068085e-07,0.25349600400068084,2100.0
23,"G[0,2200.0] (x > 0.0)",DelayedQualitative,Incremental,online,20000,50,0.0051789808399917096,2.589490419995855e-07,0.25894904199958546,2200.0
24,"G[0,2300.0] (x > 0.0)",DelayedQualitative,Incremental,online,20000,50,0.005118242540011125,2.5591212700055624e-07,0.25591212700055627,2300.0
25,"G[0,2400.0] (x > 0.0)",DelayedQualitative,Incremental,online,20000,50,0.0051754266200168784,2.587713310008439e-07,0.2587713310008439,2400.0
26,"G[0,2500.0] (x > 0.0)",DelayedQualitative,Incremental,online,20000,50,0.005051944999986517,2.5259724999932587e-07,0.25259724999932587,2500.0
27,"G[0,2600.0] (x > 0.0)",DelayedQualitative,Incremental,online,20000,50,0.005316934999996192,2.658467499998096e-07,0.2658467499998096,2600.0
28,"G[0,2700.0] (x > 0.0)",DelayedQualitative,Incremental,online,20000,50,0.00531500754001172,2.6575037700058604e-07,0.265750377000586,2700.0
29,"G[0,2800.0] (x > 0.0)",DelayedQualitative,Incremental,online,20000,50,0.005463179239986857,2.7315896199934285e-07,0.27315896199934286,2800.0
30,"G[0,2900.0] (x > 0.0)",DelayedQualitative,Incremental,online,20000,50,0.00530009327998414,2.65004663999207e-07,0.265004663999207,2900.0
31,"G[0,3000.0] (x > 0.0)",DelayedQualitative,Incremental,online,20000,50,0.005342962500030808,2.671481250015404e-07,0.2671481250015404,3000.0
32,"G[0,3100.0] (x > 0.0)",DelayedQualitative,Incremental,online,20000,50,0.005403943300007086,2.701971650003543e-07,0.2701971650003543,3100.0
33,"G[0,3200.0] (x > 0.0)",DelayedQualitative,Incremental,online,20000,50,0.005447862499995609,2.7239312499978043e-07,0.2723931249997804,3200.0
34,"G[0,3300.0] (x > 0.0)",DelayedQualitative,Incremental,online,20000,50,0.005378527520006174,2.689263760003087e-07,0.26892637600030866,3300.0
35,"G[0,3400.0] (x > 0.0)",DelayedQualitative,Incremental,online,20000,50,0.0053078583600017736,2.653929180000887e-07,0.2653929180000887,3400.0
36,"G[0,3500.0] (x > 0.0)",DelayedQualitative,Incremental,online,20000,50,0.0053952382600118655,2.6976191300059325e-07,0.26976191300059327,3500.0
37,"G[0,3600.0] (x > 0.0)",DelayedQualitative,Incremental,online,20000,50,0.005368405680014803,2.6842028400074014e-07,0.26842028400074014,3600.0
38,"G[0,3700.0] (x > 0.0)",DelayedQualitative,Incremental,online,20000,50,0.005344039939996037,2.6720199699980185e-07,0.26720199699980185,3700.0
39,"G[0,3800.0] (x > 0.0)",DelayedQualitative,Incremental,online,20000,50,0.005435789139969529,2.7178945699847647e-07,0.27178945699847645,3800.0
40,"G[0,3900.0] (x > 0.0)",DelayedQualitative,Incremental,online,20000,50,0.005341121640012716,2.670560820006358e-07,0.2670560820006358,3900.0
41,"G[0,4000.0] (x > 0.0)",DelayedQualitative,Incremental,online,20000,50,0.005421659219982757,2.710829609991379e-07,0.27108296099913787,4000.0
42,"G[0,4100.0] (x > 0.0)",DelayedQualitative,Incremental,online,20000,50,0.005405254219995186,2.702627109997593e-07,0.2702627109997593,4100.0
43,"G[0,4200.0] (x > 0.0)",DelayedQualitative,Incremental,online,20000,50,0.005322524160005742,2.6612620800028706e-07,0.2661262080002871,4200.0
44,"G[0,4300.0] (x > 0.0)",DelayedQualitative,Incremental,online,20000,50,0.005324776719994588,2.662388359997294e-07,0.2662388359997294,4300.0
45,"G[0,4400.0] (x > 0.0)",DelayedQualitative,Incremental,online,20000,50,0.005315119180013425,2.6575595900067124e-07,0.2657559590006712,4400.0
46,"G[0,4500.0] (x > 0.0)",DelayedQualitative,Incremental,online,20000,50,0.005333243380000567,2.6666216900002834e-07,0.2666621690000283,4500.0
47,"G[0,4600.0] (x > 0.0)",DelayedQualitative,Incremental,online,20000,50,0.005367725079986485,2.6838625399932423e-07,0.26838625399932425,4600.0
48,"G[0,4700.0] (x > 0.0)",DelayedQualitative,Incremental,online,20000,50,0.005386786699996264,2.693393349998132e-07,0.2693393349998132,4700.0
49,"G[0,4800.0] (x > 0.0)",DelayedQualitative,Incremental,online,20000,50,0.005375181599988537,2.6875907999942685e-07,0.26875907999942683,4800.0
50,"G[0,4900.0] (x > 0.0)",DelayedQualitative,Incremental,online,20000,50,0.005294951620012398,2.647475810006199e-07,0.2647475810006199,4900.0
51,"G[0,5000.0] (x > 0.0)",DelayedQualitative,Incremental,online,20000,50,0.005194061740025973,2.597030870012986e-07,0.2597030870012986,5000.0
52,"F[0,1.0] (x > 0.0)",DelayedQualitative,Incremental,online,20000,50,0.0046827817199709895,2.3413908599854948e-07,0.2341390859985495,1.0
53,"F[0,100.0] (x > 0.0)",DelayedQualitative,Incremental,online,20000,50,0.005104720799999995,2.5523603999999977e-07,0.2552360399999998,100.0
54,"F[0,200.0] (x > 0.0)",DelayedQualitative,Incremental,online,20000,50,0.005177742479982044,2.588871239991022e-07,0.2588871239991022,200.0
55,"F[0,300.0] (x > 0.0)",DelayedQualitative,Incremental,online,20000,50,0.005105014140012827,2.5525070700064135e-07,0.25525070700064134,300.0
56,"F[0,400.0] (x > 0.0)",DelayedQualitative,Incremental,online,20000,50,0.005220534080008292,2.6102670400041463e-07,0.2610267040004146,400.0
57,"F[0,500.0] (x > 0.0)",DelayedQualitative,Incremental,online,20000,50,0.005133565900018766,2.566782950009383e-07,0.2566782950009383,500.0
58,"F[0,600.0] (x > 0.0)",DelayedQualitative,Incremental,online,20000,50,0.005145622440004445,2.5728112200022227e-07,0.2572811220002223,600.0
59,"F[0,700.0] (x > 0.0)",DelayedQualitative,Incremental,online,20000,50,0.005386647519981125,2.6933237599905623e-07,0.26933237599905624,700.0
60,"F[0,800.0] (x > 0.0)",DelayedQualitative,Incremental,online,20000,50,0.005285763399992902,2.642881699996451e-07,0.2642881699996451,800.0
61,"F[0,900.0] (x > 0.0)",DelayedQualitative,Incremental,online,20000,50,0.005370842499983155,2.6854212499915776e-07,0.26854212499915775,900.0
62,"F[0,1000.0] (x > 0.0)",DelayedQualitative,Incremental,online,20000,50,0.005365098319994104,2.682549159997052e-07,0.2682549159997052,1000.0
63,"F[0,1100.0] (x > 0.0)",DelayedQualitative,Incremental,online,20000,50,0.005280427560010139,2.640213780005069e-07,0.2640213780005069,1100.0
64,"F[0,1200.0] (x > 0.0)",DelayedQualitative,Incremental,online,20000,50,0.00532320588001312,2.66160294000656e-07,0.266160294000656,1200.0
65,"F[0,1300.0] (x > 0.0)",DelayedQualitative,Incremental,online,20000,50,0.0053488408399971375,2.6744204199985687e-07,0.2674420419998569,1300.0
66,"F[0,1400.0] (x > 0.0)",DelayedQualitative,Incremental,online,20000,50,0.005289865059962722,2.644932529981361e-07,0.2644932529981361,1400.0
67,"F[0,1500.0] (x > 0.0)",DelayedQualitative,Incremental,online,20000,50,0.005292509899991273,2.6462549499956364e-07,0.26462549499956367,1500.0
68,"F[0,1600.0] (x > 0.0)",DelayedQualitative,Incremental,online,20000,50,0.005262925039992297,2.6314625199961485e-07,0.26314625199961483,1600.0
69,"F[0,1700.0] (x > 0.0)",DelayedQualitative,Incremental,online,20000,50,0.005346919280018483,2.6734596400092416e-07,0.26734596400092414,1700.0
70,"F[0,1800.0] (x > 0.0)",DelayedQualitative,Incremental,online,20000,50,0.005309152460026781,2.6545762300133906e-07,0.26545762300133907,1800.0
71,"F[0,1900.0] (x > 0.0)",DelayedQualitative,Incremental,online,20000,50,0.005491354180007874,2.745677090003937e-07,0.27456770900039373,1900.0
72,"F[0,2000.0] (x > 0.0)",DelayedQualitative,Incremental,online,20000,50,0.005479242419992261,2.7396212099961303e-07,0.27396212099961303,2000.0
73,"F[0,2100.0] (x > 0.0)",DelayedQualitative,Incremental,online,20000,50,0.0054749807799862535,2.7374903899931267e-07,0.2737490389993127,2100.0
74,"F[0,2200.0] (x > 0.0)",DelayedQualitative,Incremental,online,20000,50,0.005515942399997584,2.757971199998792e-07,0.2757971199998792,2200.0
75,"F[0,2300.0] (x > 0.0)",DelayedQualitative,Incremental,online,20000,50,0.005460037539978657,2.7300187699893285e-07,0.27300187699893286,2300.0
76,"F[0,2400.0] (x > 0.0)",DelayedQualitative,Incremental,online,20000,50,0.005583957479980199,2.7919787399900995e-07,0.27919787399900997,2400.0
77,"F[0,2500.0] (x > 0.0)",DelayedQualitative,Incremental,online,20000,50,0.005520597460003955,2.7602987300019776e-07,0.27602987300019777,2500.0
78,"F[0,2600.0] (x > 0.0)",DelayedQualitative,Incremental,online,20000,50,0.005557784999991782,2.7788924999958907e-07,0.2778892499995891,2600.0
79,"F[0,2700.0] (x > 0.0)",DelayedQualitative,Incremental,online,20000,50,0.005573002500009352,2.786501250004676e-07,0.2786501250004676,2700.0
80,"F[0,2800.0] (x > 0.0)",DelayedQualitative,Incremental,online,20000,50,0.005429313280023962,2.714656640011981e-07,0.2714656640011981,2800.0
81,"F[0,2900.0] (x > 0.0)",DelayedQualitative,Incremental,online,20000,50,0.005545414200005325,2.7727071000026626e-07,0.27727071000026626,2900.0
82,"F[0,3000.0] (x > 0.0)",DelayedQualitative,Incremental,online,20000,50,0.005450808339992364,2.725404169996182e-07,0.27254041699961823,3000.0
83,"F[0,3100.0] (x > 0.0)",DelayedQualitative,Incremental,online,20000,50,0.005507120820002456,2.753560410001228e-07,0.2753560410001228,3100.0
84,"F[0,3200.0] (x > 0.0)",DelayedQualitative,Incremental,online,20000,50,0.005496901680012343,2.7484508400061713e-07,0.27484508400061713,3200.0
85,"F[0,3300.0] (x > 0.0)",DelayedQualitative,Incremental,online,20000,50,0.005481694140012223,2.7408470700061114e-07,0.27408470700061116,3300.0
86,"F[0,3400.0] (x > 0.0)",DelayedQualitative,Incremental,online,20000,50,0.005514719059979143,2.7573595299895713e-07,0.27573595299895715,3400.0
87,"F[0,3500.0] (x > 0.0)",DelayedQualitative,Incremental,online,20000,50,0.005521825019991411,2.760912509995705e-07,0.2760912509995705,3500.0
88,"F[0,3600.0] (x > 0.0)",DelayedQualitative,Incremental,online,20000,50,0.005569516719992862,2.784758359996431e-07,0.2784758359996431,3600.0
89,"F[0,3700.0] (x > 0.0)",DelayedQualitative,Incremental,online,20000,50,0.005545292580004571,2.7726462900022853e-07,0.2772646290002285,3700.0
90,"F[0,3800.0] (x > 0.0)",DelayedQualitative,Incremental,online,20000,50,0.005496920779978609,2.7484603899893044e-07,0.27484603899893045,3800.0
91,"F[0,3900.0] (x > 0.0)",DelayedQualitative,Incremental,online,20000,50,0.00543449413999042,2.71724706999521e-07,0.271724706999521,3900.0
92,"F[0,4000.0] (x > 0.0)",DelayedQualitative,Incremental,online,20000,50,0.005234490940015348,2.6172454700076743e-07,0.2617245470007674,4000.0
93,"F[0,4100.0] (x > 0.0)",DelayedQualitative,Incremental,online,20000,50,0.005246272480007974,2.6231362400039873e-07,0.2623136240003987,4100.0
94,"F[0,4200.0] (x > 0.0)",DelayedQualitative,Incremental,online,20000,50,0.005224499120017754,2.6122495600088773e-07,0.26122495600088774,4200.0
95,"F[0,4300.0] (x > 0.0)",DelayedQualitative,Incremental,online,20000,50,0.005156875040011073,2.5784375200055363e-07,0.25784375200055365,4300.0
96,"F[0,4400.0] (x > 0.0)",DelayedQualitative,Incremental,online,20000,50,0.005269669060012348,2.634834530006174e-07,0.2634834530006174,4400.0
97,"F[0,4500.0] (x > 0.0)",DelayedQualitative,Incremental,online,20000,50,0.005259287539993238,2.629643769996619e-07,0.2629643769996619,4500.0
98,"F[0,4600.0] (x > 0.0)",DelayedQualitative,Incremental,online,20000,50,0.005170780019957419,2.5853900099787094e-07,0.2585390009978709,4600.0
99,"F[0,4700.0] (x > 0.0)",DelayedQualitative,Incremental,online,20000,50,0.005244645860002493,2.6223229300012467e-07,0.2622322930001247,4700.0
100,"F[0,4800.0] (x > 0.0)",DelayedQualitative,Incremental,online,20000,50,0.005244897540001148,2.622448770000574e-07,0.2622448770000574,4800.0
101,"F[0,4900.0] (x > 0.0)",DelayedQualitative,Incremental,online,20000,50,0.005282689999999093,2.6413449999995467e-07,0.2641344999999547,4900.0
102,"F[0,5000.0] (x > 0.0)",DelayedQualitative,Incremental,online,20000,50,0.0052677158600090476,2.633857930004524e-07,0.2633857930004524,5000.0
103,"(x < 0.0) U[0,1.0] (x > 0.0)",DelayedQualitative,Incremental,online,20000,50,0.008289831679999225,4.144915839999612e-07,0.4144915839999612,1.0
104,"(x < 0.0) U[0,100.0] (x > 0.0)",DelayedQualitative,Incremental,online,20000,50,0.026098618379996878,1.304930918999844e-06,1.304930918999844,100.0
105,"(x < 0.0) U[0,200.0] (x > 0.0)",DelayedQualitative,Incremental,online,20000,50,0.03730700752002122,1.8653503760010609e-06,1.8653503760010608,200.0
106,"(x < 0.0) U[0,300.0] (x > 0.0)",DelayedQualitative,Incremental,online,20000,50,0.05119931752001776,2.559965876000888e-06,2.559965876000888,300.0
107,"(x < 0.0) U[0,400.0] (x > 0.0)",DelayedQualitative,Incremental,online,20000,50,0.06192039748001662,3.096019874000831e-06,3.096019874000831,400.0
108,"(x < 0.0) U[0,500.0] (x > 0.0)",DelayedQualitative,Incremental,online,20000,50,0.07213370085999486,3.606685042999743e-06,3.606685042999743,500.0
109,"(x < 0.0) U[0,600.0] (x > 0.0)",DelayedQualitative,Incremental,online,20000,50,0.08618398677997448,4.309199338998724e-06,4.309199338998724,600.0
110,"(x < 0.0) U[0,700.0] (x > 0.0)",DelayedQualitative,Incremental,online,20000,50,0.09874218167997696,4.937109083998848e-06,4.937109083998848,700.0
111,"(x < 0.0) U[0,800.0] (x > 0.0)",DelayedQualitative,Incremental,online,20000,50,0.1108357258200067,5.541786291000335e-06,5.541786291000335,800.0
112,"(x < 0.0) U[0,900.0] (x > 0.0)",DelayedQualitative,Incremental,online,20000,50,0.1230066192599952,6.15033096299976e-06,6.15033096299976,900.0
113,"(x < 0.0) U[0,1000.0] (x > 0.0)",DelayedQualitative,Incremental,online,20000,50,0.1361486158599837,6.807430792999185e-06,6.807430792999185,1000.0
114,"(x < 0.0) U[0,1100.0] (x > 0.0)",DelayedQualitative,Incremental,online,20000,50,0.1501018616600095,7.505093083000475e-06,7.505093083000475,1100.0
115,"(x < 0.0) U[0,1200.0] (x > 0.0)",DelayedQualitative,Incremental,online,20000,50,0.163683490060007,8.184174503000349e-06,8.18417450300035,1200.0
116,"(x < 0.0) U[0,1300.0] (x > 0.0)",DelayedQualitative,Incremental,online,20000,50,0.17530904493999513,8.765452246999757e-06,8.765452246999757,1300.0
117,"(x < 0.0) U[0,1400.0] (x > 0.0)",DelayedQualitative,Incremental,online,20000,50,0.18686061418000008,9.343030709000005e-06,9.343030709000004,1400.0
118,"(x < 0.0) U[0,1500.0] (x > 0.0)",DelayedQualitative,Incremental,online,20000,50,0.19863253655999416,9.931626827999708e-06,9.931626827999708,1500.0
119,"(x < 0.0) U[0,1600.0] (x > 0.0)",DelayedQualitative,Incremental,online,20000,50,0.2099460324399888,1.049730162199944e-05,10.49730162199944,1600.0
120,"(x < 0.0) U[0,1700.0] (x > 0.0)",DelayedQualitative,Incremental,online,20000,50,0.22109544419999566,1.1054772209999783e-05,11.054772209999783,1700.0
121,"(x < 0.0) U[0,1800.0] (x > 0.0)",DelayedQualitative,Incremental,online,20000,50,0.2422247166000034,1.211123583000017e-05,12.111235830000169,1800.0
122,"(x < 0.0) U[0,1900.0] (x > 0.0)",DelayedQualitative,Incremental,online,20000,50,0.25931159079998906,1.2965579539999453e-05,12.965579539999453,1900.0
123,"(x < 0.0) U[0,2000.0] (x > 0.0)",DelayedQualitative,Incremental,online,20000,50,0.2842754432999982,1.421377216499991e-05,14.21377216499991,2000.0
124,"(x < 0.0) U[0,2100.0] (x > 0.0)",DelayedQualitative,Incremental,online,20000,50,0.26525605082001674,1.3262802541000838e-05,13.262802541000838,2100.0
125,"(x < 0.0) U[0,2200.0] (x > 0.0)",DelayedQualitative,Incremental,online,20000,50,0.2756828933600036,1.3784144668000182e-05,13.784144668000183,2200.0
126,"(x < 0.0) U[0,2300.0] (x > 0.0)",DelayedQualitative,Incremental,online,20000,50,0.28538811832000194,1.4269405916000097e-05,14.269405916000098,2300.0
127,"(x < 0.0) U[0,2400.0] (x > 0.0)",DelayedQualitative,Incremental,online,20000,50,0.29421156842001894,1.4710578421000948e-05,14.710578421000948,2400.0
128,"(x < 0.0) U[0,2500.0] (x > 0.0)",DelayedQualitative,Incremental,online,20000,50,0.3045120800799896,1.522560400399948e-05,15.225604003999479,2500.0
129,"(x < 0.0) U[0,2600.0] (x > 0.0)",DelayedQualitative,Incremental,online,20000,50,0.31308177002000775,1.5654088501000388e-05,15.654088501000388,2600.0
130,"(x < 0.0) U[0,2700.0] (x > 0.0)",DelayedQualitative,Incremental,online,20000,50,0.3225213107999889,1.6126065539999447e-05,16.12606553999945,2700.0
131,"(x < 0.0) U[0,2800.0] (x > 0.0)",DelayedQualitative,Incremental,online,20000,50,0.3327846482399855,1.6639232411999274e-05,16.639232411999274,2800.0
132,"(x < 0.0) U[0,2900.0] (x > 0.0)",DelayedQualitative,Incremental,online,20000,50,0.3415699609200101,1.7078498046000503e-05,17.078498046000504,2900.0
133,"(x < 0.0) U[0,3000.0] (x > 0.0)",DelayedQualitative,Incremental,online,20000,50,0.3502015466800003,1.7510077334000017e-05,17.510077334000016,3000.0
134,"(x < 0.0) U[0,3100.0] (x > 0.0)",DelayedQualitative,Incremental,online,20000,50,0.359648173300011,1.798240866500055e-05,17.98240866500055,3100.0
135,"(x < 0.0) U[0,3200.0] (x > 0.0)",DelayedQualitative,Incremental,online,20000,50,0.3683136749600135,1.8415683748000675e-05,18.415683748000674,3200.0
136,"(x < 0.0) U[0,3300.0] (x > 0.0)",DelayedQualitative,Incremental,online,20000,50,0.37836946586000975,1.891847329300049e-05,18.91847329300049,3300.0
137,"(x < 0.0) U[0,3400.0] (x > 0.0)",DelayedQualitative,Incremental,online,20000,50,0.3863587492599663,1.9317937462998317e-05,19.317937462998316,3400.0
138,"(x < 0.0) U[0,3500.0] (x > 0.0)",DelayedQualitative,Incremental,online,20000,50,0.3952401242199949,1.9762006210999744e-05,19.762006210999743,3500.0
139,"(x < 0.0) U[0,3600.0] (x > 0.0)",DelayedQualitative,Incremental,online,20000,50,0.40378428911998526,2.0189214455999264e-05,20.189214455999263,3600.0
140,"(x < 0.0) U[0,3700.0] (x > 0.0)",DelayedQualitative,Incremental,online,20000,50,0.4115300991599997,2.0576504957999985e-05,20.576504957999987,3700.0
141,"(x < 0.0) U[0,3800.0] (x > 0.0)",DelayedQualitative,Incremental,online,20000,50,0.42091128259999094,2.1045564129999546e-05,21.045564129999544,3800.0
142,"(x < 0.0) U[0,3900.0] (x > 0.0)",DelayedQualitative,Incremental,online,20000,50,0.4296821741600343,2.1484108708001713e-05,21.484108708001713,3900.0
143,"(x < 0.0) U[0,4000.0] (x > 0.0)",DelayedQualitative,Incremental,online,20000,50,0.43826194083997505,2.1913097041998754e-05,21.913097041998753,4000.0
144,"(x < 0.0) U[0,4100.0] (x > 0.0)",DelayedQualitative,Incremental,online,20000,50,0.49772044736002496,2.488602236800125e-05,24.88602236800125,4100.0
145,"(x < 0.0) U[0,4200.0] (x > 0.0)",DelayedQualitative,Incremental,online,20000,50,0.5205786250799883,2.6028931253999416e-05,26.028931253999417,4200.0
146,"(x < 0.0) U[0,4300.0] (x > 0.0)",DelayedQualitative,Incremental,online,20000,50,0.5340995508399737,2.6704977541998686e-05,26.704977541998687,4300.0
147,"(x < 0.0) U[0,4400.0] (x > 0.0)",DelayedQualitative,Incremental,online,20000,50,0.5386780482799804,2.6933902413999024e-05,26.933902413999025,4400.0
148,"(x < 0.0) U[0,4500.0] (x > 0.0)",DelayedQualitative,Incremental,online,20000,50,0.5447358315600104,2.723679157800052e-05,27.23679157800052,4500.0
149,"(x < 0.0) U[0,4600.0] (x > 0.0)",DelayedQualitative,Incremental,online,20000,50,0.5570503800200277,2.7852519001001386e-05,27.852519001001387,4600.0
150,"(x < 0.0) U[0,4700.0] (x > 0.0)",DelayedQualitative,Incremental,online,20000,50,0.5678271241999937,2.8391356209999685e-05,28.391356209999685,4700.0
151,"(x < 0.0) U[0,4800.0] (x > 0.0)",DelayedQualitative,Incremental,online,20000,50,0.5712897498999701,2.8564487494998504e-05,28.564487494998502,4800.0
152,"(x < 0.0) U[0,4900.0] (x > 0.0)",DelayedQualitative,Incremental,online,20000,50,0.5778558058800081,2.8892790294000404e-05,28.892790294000406,4900.0
153,"(x < 0.0) U[0,5000.0] (x > 0.0)",DelayedQualitative,Incremental,online,20000,50,0.5822538049800005,2.911269024900002e-05,29.11269024900002,5000.0
154,(x < 0.5) and (x > -0.5),DelayedQualitative,Incremental,online,20000,50,0.005280199259996152,2.6400996299980764e-07,0.2640099629998076,0.0
155,"G[0,1000] (x > 0.5 -> F[0,100] (x < 0.0))",DelayedQualitative,Incremental,online,20000,50,0.0094555482800115,4.72777414000575e-07,0.472777414000575,1100.0
156,"(G[0,100] (x < 0.5)) or (G[100,150] (x > 0.0))",DelayedQualitative,Incremental,online,20000,50,0.009206604999972114,4.603302499986057e-07,0.46033024999860567,150.0
1,"G[0,1.0] (x > 0.0)",EagerQualitative,Incremental,online,20000,50,0.004963238280015503,2.4816191400077517e-07,0.24816191400077517,1.0
2,"G[0,100.0] (x > 0.0)",EagerQualitative,Incremental,online,20000,50,0.0049176558999897675,2.458827949994884e-07,0.2458827949994884,100.0
3,"G[0,200.0] (x > 0.0)",EagerQualitative,Incremental,online,20000,50,0.00486364080004023,2.431820400020115e-07,0.24318204000201152,200.0
4,"G[0,300.0] (x > 0.0)",EagerQualitative,Incremental,online,20000,50,0.004889642539992565,2.444821269996283e-07,0.24448212699962826,300.0
5,"G[0,400.0] (x > 0.0)",EagerQualitative,Incremental,online,20000,50,0.0048192342200127315,2.4096171100063657e-07,0.24096171100063657,400.0
6,"G[0,500.0] (x > 0.0)",EagerQualitative,Incremental,online,20000,50,0.004891343339959348,2.445671669979674e-07,0.2445671669979674,500.0
7,"G[0,600.0] (x > 0.0)",EagerQualitative,Incremental,online,20000,50,0.004893596660012918,2.446798330006459e-07,0.24467983300064589,600.0
8,"G[0,700.0] (x > 0.0)",EagerQualitative,Incremental,online,20000,50,0.004779245800018543,2.3896229000092714e-07,0.23896229000092714,700.0
9,"G[0,800.0] (x > 0.0)",EagerQualitative,Incremental,online,20000,50,0.004880226560007941,2.44011328000397e-07,0.24401132800039702,800.0
10,"G[0,900.0] (x > 0.0)",EagerQualitative,Incremental,online,20000,50,0.004867377480013602,2.433688740006801e-07,0.2433688740006801,900.0
11,"G[0,1000.0] (x > 0.0)",EagerQualitative,Incremental,online,20000,50,0.004858869260051506,2.4294346300257534e-07,0.24294346300257535,1000.0
12,"G[0,1100.0] (x > 0.0)",EagerQualitative,Incremental,online,20000,50,0.004884432459984964,2.442216229992482e-07,0.2442216229992482,1100.0
13,"G[0,1200.0] (x > 0.0)",EagerQualitative,Incremental,online,20000,50,0.0048744059199907494,2.437202959995375e-07,0.24372029599953748,1200.0
14,"G[0,1300.0] (x > 0.0)",EagerQualitative,Incremental,online,20000,50,0.0048062616400056865,2.403130820002843e-07,0.2403130820002843,1300.0
15,"G[0,1400.0] (x > 0.0)",EagerQualitative,Incremental,online,20000,50,0.004933077460009372,2.466538730004686e-07,0.2466538730004686,1400.0
16,"G[0,1500.0] (x > 0.0)",EagerQualitative,Incremental,online,20000,50,0.004834719999980735,2.4173599999903675e-07,0.24173599999903675,1500.0
17,"G[0,1600.0] (x > 0.0)",EagerQualitative,Incremental,online,20000,50,0.0048365615600141606,2.41828078000708e-07,0.24182807800070802,1600.0
18,"G[0,1700.0] (x > 0.0)",EagerQualitative,Incremental,online,20000,50,0.0046697009399758824,2.3348504699879413e-07,0.23348504699879413,1700.0
19,"G[0,1800.0] (x > 0.0)",EagerQualitative,Incremental,online,20000,50,0.0047401183400143055,2.3700591700071528e-07,0.23700591700071527,1800.0
20,"G[0,1900.0] (x > 0.0)",EagerQualitative,Incremental,online,20000,50,0.004677148320051856,2.3385741600259277e-07,0.23385741600259277,1900.0
21,"G[0,2000.0] (x > 0.0)",EagerQualitative,Incremental,online,20000,50,0.004741071599955831,2.3705357999779156e-07,0.23705357999779156,2000.0
22,"G[0,2100.0] (x > 0.0)",EagerQualitative,Incremental,online,20000,50,0.004728492440017362,2.3642462200086808e-07,0.23642462200086808,2100.0
23,"G[0,2200.0] (x > 0.0)",EagerQualitative,Incremental,online,20000,50,0.004764471699982096,2.382235849991048e-07,0.2382235849991048,2200.0
24,"G[0,2300.0] (x > 0.0)",EagerQualitative,Incremental,online,20000,50,0.004677799159981078,2.3388995799905388e-07,0.23388995799905388,2300.0
25,"G[0,2400.0] (x > 0.0)",EagerQualitative,Incremental,online,20000,50,0.004694410899992363,2.3472054499961817e-07,0.23472054499961817,2400.0
26,"G[0,2500.0] (x > 0.0)",EagerQualitative,Incremental,online,20000,50,0.004795223400005853,2.3976117000029263e-07,0.23976117000029262,2500.0
27,"G[0,2600.0] (x > 0.0)",EagerQualitative,Incremental,online,20000,50,0.0046918923999601245,2.3459461999800623e-07,0.23459461999800624,2600.0
28,"G[0,2700.0] (x > 0.0)",EagerQualitative,Incremental,online,20000,50,0.00470206827997572,2.35103413998786e-07,0.23510341399878598,2700.0
29,"G[0,2800.0] (x > 0.0)",EagerQualitative,Incremental,online,20000,50,0.004749432480002725,2.3747162400013622e-07,0.23747162400013622,2800.0
30,"G[0,2900.0] (x > 0.0)",EagerQualitative,Incremental,online,20000,50,0.004691467519960497,2.3457337599802486e-07,0.23457337599802486,2900.0
31,"G[0,3000.0] (x > 0.0)",EagerQualitative,Incremental,online,20000,50,0.004783293319933364,2.391646659966682e-07,0.23916466599666822,3000.0
32,"G[0,3100.0] (x > 0.0)",EagerQualitative,Incremental,online,20000,50,0.004766223399992668,2.3831116999963342e-07,0.23831116999963342,3100.0
33,"G[0,3200.0] (x > 0.0)",EagerQualitative,Incremental,online,20000,50,0.004657885900032852,2.328942950016426e-07,0.23289429500164258,3200.0
34,"G[0,3300.0] (x > 0.0)",EagerQualitative,Incremental,online,20000,50,0.004767231660007382,2.3836158300036912e-07,0.2383615830003691,3300.0
35,"G[0,3400.0] (x > 0.0)",EagerQualitative,Incremental,online,20000,50,0.004752752520034847,2.3763762600174234e-07,0.23763762600174235,3400.0
36,"G[0,3500.0] (x > 0.0)",EagerQualitative,Incremental,online,20000,50,0.004693250800019086,2.346625400009543e-07,0.2346625400009543,3500.0
37,"G[0,3600.0] (x > 0.0)",EagerQualitative,Incremental,online,20000,50,0.004728487479960677,2.3642437399803386e-07,0.23642437399803387,3600.0
38,"G[0,3700.0] (x > 0.0)",EagerQualitative,Incremental,online,20000,50,0.004770319160006693,2.385159580003347e-07,0.23851595800033468,3700.0
39,"G[0,3800.0] (x > 0.0)",EagerQualitative,Incremental,online,20000,50,0.00468734006003615,2.3436700300180747e-07,0.23436700300180746,3800.0
40,"G[0,3900.0] (x > 0.0)",EagerQualitative,Incremental,online,20000,50,0.004692170060006901,2.3460850300034506e-07,0.23460850300034505,3900.0
41,"G[0,4000.0] (x > 0.0)",EagerQualitative,Incremental,online,20000,50,0.004719040879990644,2.3595204399953217e-07,0.23595204399953218,4000.0
42,"G[0,4100.0] (x > 0.0)",EagerQualitative,Incremental,online,20000,50,0.004705810839977858,2.352905419988929e-07,0.2352905419988929,4100.0
43,"G[0,4200.0] (x > 0.0)",EagerQualitative,Incremental,online,20000,50,0.004723801600011939,2.3619008000059694e-07,0.23619008000059694,4200.0
44,"G[0,4300.0] (x > 0.0)",EagerQualitative,Incremental,online,20000,50,0.004813511759984976,2.4067558799924883e-07,0.24067558799924882,4300.0
45,"G[0,4400.0] (x > 0.0)",EagerQualitative,Incremental,online,20000,50,0.004990720919995511,2.4953604599977554e-07,0.24953604599977552,4400.0
46,"G[0,4500.0] (x > 0.0)",EagerQualitative,Incremental,online,20000,50,0.004924945839975408,2.4624729199877037e-07,0.24624729199877038,4500.0
47,"G[0,4600.0] (x > 0.0)",EagerQualitative,Incremental,online,20000,50,0.004928845799986448,2.464422899993224e-07,0.24644228999932238,4600.0
48,"G[0,4700.0] (x > 0.0)",EagerQualitative,Incremental,online,20000,50,0.005043060020016128,2.521530010008064e-07,0.2521530010008064,4700.0
49,"G[0,4800.0] (x > 0.0)",EagerQualitative,Incremental,online,20000,50,0.005004174899959253,2.5020874499796264e-07,0.25020874499796264,4800.0
50,"G[0,4900.0] (x > 0.0)",EagerQualitative,Incremental,online,20000,50,0.004980840020007236,2.490420010003618e-07,0.2490420010003618,4900.0
51,"G[0,5000.0] (x > 0.0)",EagerQualitative,Incremental,online,20000,50,0.004914517579973108,2.457258789986554e-07,0.2457258789986554,5000.0
52,"F[0,1.0] (x > 0.0)",EagerQualitative,Incremental,online,20000,50,0.00495006498003022,2.47503249001511e-07,0.247503249001511,1.0
53,"F[0,100.0] (x > 0.0)",EagerQualitative,Incremental,online,20000,50,0.005052450020029937,2.5262250100149683e-07,0.2526225010014968,100.0
54,"F[0,200.0] (x > 0.0)",EagerQualitative,Incremental,online,20000,50,0.004998708240009364,2.499354120004682e-07,0.2499354120004682,200.0
55,"F[0,300.0] (x > 0.0)",EagerQualitative,Incremental,online,20000,50,0.004933695800000351,2.466847900000175e-07,0.24668479000001753,300.0
56,"F[0,400.0] (x > 0.0)",EagerQualitative,Incremental,online,20000,50,0.004992988340027296,2.496494170013648e-07,0.2496494170013648,400.0
57,"F[0,500.0] (x > 0.0)",EagerQualitative,Incremental,online,20000,50,0.005012594120016729,2.5062970600083645e-07,0.25062970600083645,500.0
58,"F[0,600.0] (x > 0.0)",EagerQualitative,Incremental,online,20000,50,0.004984570059978068,2.492285029989034e-07,0.2492285029989034,600.0
59,"F[0,700.0] (x > 0.0)",EagerQualitative,Incremental,online,20000,50,0.004946656700049061,2.4733283500245305e-07,0.24733283500245307,700.0
60,"F[0,800.0] (x > 0.0)",EagerQualitative,Incremental,online,20000,50,0.0049500308999995465,2.4750154499997735e-07,0.24750154499997734,800.0
61,"F[0,900.0] (x > 0.0)",EagerQualitative,Incremental,online,20000,50,0.004948237539983893,2.4741187699919463e-07,0.24741187699919462,900.0
62,"F[0,1000.0] (x > 0.0)",EagerQualitative,Incremental,online,20000,50,0.0049757366799713055,2.487868339985653e-07,0.24878683399856527,1000.0
63,"F[0,1100.0] (x > 0.0)",EagerQualitative,Incremental,online,20000,50,0.005012744160012517,2.506372080006258e-07,0.25063720800062583,1100.0
64,"F[0,1200.0] (x > 0.0)",EagerQualitative,Incremental,online,20000,50,0.00503315590002785,2.516577950013925e-07,0.25165779500139246,1200.0
65,"F[0,1300.0] (x > 0.0)",EagerQualitative,Incremental,online,20000,50,0.005054020000015953,2.5270100000079765e-07,0.25270100000079765,1300.0
66,"F[0,1400.0] (x > 0.0)",EagerQualitative,Incremental,online,20000,50,0.004996374199963611,2.4981870999818055e-07,0.24981870999818054,1400.0
67,"F[0,1500.0] (x > 0.0)",EagerQualitative,Incremental,online,20000,50,0.004941640839970205,2.4708204199851024e-07,0.24708204199851025,1500.0
68,"F[0,1600.0] (x > 0.0)",EagerQualitative,Incremental,online,20000,50,0.004843335060004392,2.4216675300021957e-07,0.24216675300021956,1600.0
69,"F[0,1700.0] (x > 0.0)",EagerQualitative,Incremental,online,20000,50,0.004797836619982263,2.3989183099911314e-07,0.23989183099911315,1700.0
70,"F[0,1800.0] (x > 0.0)",EagerQualitative,Incremental,online,20000,50,0.004904363280002144,2.452181640001072e-07,0.24521816400010718,1800.0
71,"F[0,1900.0] (x > 0.0)",EagerQualitative,Incremental,online,20000,50,0.004859340059938404,2.4296700299692023e-07,0.24296700299692023,1900.0
72,"F[0,2000.0] (x > 0.0)",EagerQualitative,Incremental,online,20000,50,0.00479288491996158,2.3964424599807897e-07,0.239644245998079,2000.0
73,"F[0,2100.0] (x > 0.0)",EagerQualitative,Incremental,online,20000,50,0.004933104979963901,2.46655248998195e-07,0.24665524899819502,2100.0
74,"F[0,2200.0] (x > 0.0)",EagerQualitative,Incremental,online,20000,50,0.004863551620001089,2.4317758100005447e-07,0.24317758100005446,2200.0
75,"F[0,2300.0] (x > 0.0)",EagerQualitative,Incremental,online,20000,50,0.00478033328001402,2.3901666400070103e-07,0.23901666400070104,2300.0
76,"F[0,2400.0] (x > 0.0)",EagerQualitative,Incremental,online,20000,50,0.004916432539985181,2.4582162699925904e-07,0.24582162699925905,2400.0
77,"F[0,2500.0] (x > 0.0)",EagerQualitative,Incremental,online,20000,50,0.004898030920030578,2.449015460015289e-07,0.2449015460015289,2500.0
78,"F[0,2600.0] (x > 0.0)",EagerQualitative,Incremental,online,20000,50,0.0047257224599616164,2.3628612299808083e-07,0.23628612299808083,2600.0
79,"F[0,2700.0] (x > 0.0)",EagerQualitative,Incremental,online,20000,50,0.004973357499975464,2.486678749987732e-07,0.24866787499877321,2700.0
80,"F[0,2800.0] (x > 0.0)",EagerQualitative,Incremental,online,20000,50,0.0048774484000023224,2.438724200001161e-07,0.2438724200001161,2800.0
81,"F[0,2900.0] (x > 0.0)",EagerQualitative,Incremental,online,20000,50,0.004902608320035143,2.451304160017571e-07,0.2451304160017571,2900.0
82,"F[0,3000.0] (x > 0.0)",EagerQualitative,Incremental,online,20000,50,0.004883885039989763,2.4419425199948816e-07,0.24419425199948816,3000.0
83,"F[0,3100.0] (x > 0.0)",EagerQualitative,Incremental,online,20000,50,0.004802172439967762,2.401086219983881e-07,0.24010862199838812,3100.0
84,"F[0,3200.0] (x > 0.0)",EagerQualitative,Incremental,online,20000,50,0.0049479548999897816,2.4739774499948906e-07,0.24739774499948905,3200.0
85,"F[0,3300.0] (x > 0.0)",EagerQualitative,Incremental,online,20000,50,0.004877501660002963,2.4387508300014817e-07,0.24387508300014818,3300.0
86,"F[0,3400.0] (x > 0.0)",EagerQualitative,Incremental,online,20000,50,0.004837174140011485,2.4185870700057423e-07,0.2418587070005742,3400.0
87,"F[0,3500.0] (x > 0.0)",EagerQualitative,Incremental,online,20000,50,0.004847056580001663,2.4235282900008316e-07,0.24235282900008315,3500.0
88,"F[0,3600.0] (x > 0.0)",EagerQualitative,Incremental,online,20000,50,0.00491068165998513,2.455340829992565e-07,0.2455340829992565,3600.0
89,"F[0,3700.0] (x > 0.0)",EagerQualitative,Incremental,online,20000,50,0.00485728827999992,2.42864413999996e-07,0.242864413999996,3700.0
90,"F[0,3800.0] (x > 0.0)",EagerQualitative,Incremental,online,20000,50,0.004923893320019488,2.461946660009744e-07,0.2461946660009744,3800.0
91,"F[0,3900.0] (x > 0.0)",EagerQualitative,Incremental,online,20000,50,0.00482641259999582,2.41320629999791e-07,0.241320629999791,3900.0
92,"F[0,4000.0] (x > 0.0)",EagerQualitative,Incremental,online,20000,50,0.004935522440036948,2.467761220018474e-07,0.24677612200184737,4000.0
93,"F[0,4100.0] (x > 0.0)",EagerQualitative,Incremental,online,20000,50,0.004792554139967251,2.3962770699836256e-07,0.23962770699836256,4100.0
94,"F[0,4200.0] (x > 0.0)",EagerQualitative,Incremental,online,20000,50,0.004992754180038901,2.4963770900194506e-07,0.24963770900194507,4200.0
95,"F[0,4300.0] (x > 0.0)",EagerQualitative,Incremental,online,20000,50,0.005165414159964712,2.582707079982356e-07,0.2582707079982356,4300.0
96,"F[0,4400.0] (x > 0.0)",EagerQualitative,Incremental,online,20000,50,0.004930244220013265,2.4651221100066326e-07,0.24651221100066326,4400.0
97,"F[0,4500.0] (x > 0.0)",EagerQualitative,Incremental,online,20000,50,0.005149619900039397,2.574809950019699e-07,0.2574809950019699,4500.0
98,"F[0,4600.0] (x > 0.0)",EagerQualitative,Incremental,online,20000,50,0.005087601699997322,2.543800849998661e-07,0.2543800849998661,4600.0
99,"F[0,4700.0] (x > 0.0)",EagerQualitative,Incremental,online,20000,50,0.005100540780013034,2.550270390006517e-07,0.2550270390006517,4700.0
100,"F[0,4800.0] (x > 0.0)",EagerQualitative,Incremental,online,20000,50,0.005044061720045647,2.5220308600228235e-07,0.25220308600228236,4800.0
101,"F[0,4900.0] (x > 0.0)",EagerQualitative,Incremental,online,20000,50,0.005021203280011832,2.5106016400059164e-07,0.2510601640005916,4900.0
102,"F[0,5000.0] (x > 0.0)",EagerQualitative,Incremental,online,20000,50,0.0050104767200173225,2.5052383600086613e-07,0.25052383600086614,5000.0
103,"(x < 0.0) U[0,1.0] (x > 0.0)",EagerQualitative,Incremental,online,20000,50,0.00829254160000346,4.1462708000017306e-07,0.41462708000017306,1.0
104,"(x < 0.0) U[0,100.0] (x > 0.0)",EagerQualitative,Incremental,online,20000,50,0.01606291665999379,8.031458329996895e-07,0.8031458329996894,100.0
105,"(x < 0.0) U[0,200.0] (x > 0.0)",EagerQualitative,Incremental,online,20000,50,0.018403364999976475,9.201682499988237e-07,0.9201682499988237,200.0
106,"(x < 0.0) U[0,300.0] (x > 0.0)",EagerQualitative,Incremental,online,20000,50,0.021115508440025223,1.0557754220012611e-06,1.0557754220012612,300.0
107,"(x < 0.0) U[0,400.0] (x > 0.0)",EagerQualitative,Incremental,online,20000,50,0.023255307440049364,1.1627653720024681e-06,1.1627653720024682,400.0
108,"(x < 0.0) U[0,500.0] (x > 0.0)",EagerQualitative,Incremental,online,20000,50,0.02543979580001178,1.271989790000589e-06,1.271989790000589,500.0
109,"(x < 0.0) U[0,600.0] (x > 0.0)",EagerQualitative,Incremental,online,20000,50,0.027895456659962292,1.3947728329981147e-06,1.3947728329981146,600.0
110,"(x < 0.0) U[0,700.0] (x > 0.0)",EagerQualitative,Incremental,online,20000,50,0.029963657499956754,1.4981828749978377e-06,1.4981828749978376,700.0
111,"(x < 0.0) U[0,800.0] (x > 0.0)",EagerQualitative,Incremental,online,20000,50,0.032096757479976076,1.6048378739988038e-06,1.6048378739988038,800.0
112,"(x < 0.0) U[0,900.0] (x > 0.0)",EagerQualitative,Incremental,online,20000,50,0.0345069991800392,1.7253499590019601e-06,1.72534995900196,900.0
113,"(x < 0.0) U[0,1000.0] (x > 0.0)",EagerQualitative,Incremental,online,20000,50,0.036694001660007414,1.8347000830003708e-06,1.8347000830003708,1000.0
114,"(x < 0.0) U[0,1100.0] (x > 0.0)",EagerQualitative,Incremental,online,20000,50,0.03874490913997761,1.9372454569988805e-06,1.9372454569988806,1100.0
115,"(x < 0.0) U[0,1200.0] (x > 0.0)",EagerQualitative,Incremental,online,20000,50,0.0405553998999676,2.02776999499838e-06,2.02776999499838,1200.0
116,"(x < 0.0) U[0,1300.0] (x > 0.0)",EagerQualitative,Incremental,online,20000,50,0.042413906600022526,2.1206953300011262e-06,2.1206953300011264,1300.0
117,"(x < 0.0) U[0,1400.0] (x > 0.0)",EagerQualitative,Incremental,online,20000,50,0.04435269168001468,2.217634584000734e-06,2.2176345840007343,1400.0
118,"(x < 0.0) U[0,1500.0] (x > 0.0)",EagerQualitative,Incremental,online,20000,50,0.04673226913997496,2.3366134569987483e-06,2.3366134569987485,1500.0
119,"(x < 0.0) U[0,1600.0] (x > 0.0)",EagerQualitative,Incremental,online,20000,50,0.04895676989999629,2.4478384949998146e-06,2.4478384949998144,1600.0
120,"(x < 0.0) U[0,1700.0] (x > 0.0)",EagerQualitative,Incremental,online,20000,50,0.050966379220008094,2.5483189610004048e-06,2.5483189610004047,1700.0
121,"(x < 0.0) U[0,1800.0] (x > 0.0)",EagerQualitative,Incremental,online,20000,50,0.05299902505999853,2.6499512529999264e-06,2.6499512529999265,1800.0
122,"(x < 0.0) U[0,1900.0] (x > 0.0)",EagerQualitative,Incremental,online,20000,50,0.054909313300022404,2.7454656650011203e-06,2.74546566500112,1900.0
123,"(x < 0.0) U[0,2000.0] (x > 0.0)",EagerQualitative,Incremental,online,20000,50,0.0571149842000068,2.85574921000034e-06,2.85574921000034,2000.0
124,"(x < 0.0) U[0,2100.0] (x > 0.0)",EagerQualitative,Incremental,online,20000,50,0.05934520164001697,2.9672600820008485e-06,2.9672600820008483,2100.0
125,"(x < 0.0) U[0,2200.0] (x > 0.0)",EagerQualitative,Incremental,online,20000,50,0.06113820678000593,3.0569103390002963e-06,3.056910339000296,2200.0
126,"(x < 0.0) U[0,2300.0] (x > 0.0)",EagerQualitative,Incremental,online,20000,50,0.06306125668001186,3.153062834000593e-06,3.153062834000593,2300.0
127,"(x < 0.0) U[0,2400.0] (x > 0.0)",EagerQualitative,Incremental,online,20000,50,0.06553492256000937,3.2767461280004683e-06,3.276746128000468,2400.0
128,"(x < 0.0) U[0,2500.0] (x > 0.0)",EagerQualitative,Incremental,online,20000,50,0.0679942592200041,3.399712961000205e-06,3.3997129610002053,2500.0
129,"(x < 0.0) U[0,2600.0] (x > 0.0)",EagerQualitative,Incremental,online,20000,50,0.07014354912002091,3.5071774560010453e-06,3.5071774560010454,2600.0
130,"(x < 0.0) U[0,2700.0] (x > 0.0)",EagerQualitative,Incremental,online,20000,50,0.071756077500022,3.5878038750011e-06,3.5878038750010997,2700.0
131,"(x < 0.0) U[0,2800.0] (x > 0.0)",EagerQualitative,Incremental,online,20000,50,0.07454226337998988,3.7271131689994944e-06,3.7271131689994945,2800.0
132,"(x < 0.0) U[0,2900.0] (x > 0.0)",EagerQualitative,Incremental,online,20000,50,0.07648772249997819,3.82438612499891e-06,3.8243861249989095,2900.0
133,"(x < 0.0) U[0,3000.0] (x > 0.0)",EagerQualitative,Incremental,online,20000,50,0.07810265496000283,3.905132748000141e-06,3.9051327480001414,3000.0
134,"(x < 0.0) U[0,3100.0] (x > 0.0)",EagerQualitative,Incremental,online,20000,50,0.08060959494001509,4.030479747000754e-06,4.030479747000754,3100.0
135,"(x < 0.0) U[0,3200.0] (x > 0.0)",EagerQualitative,Incremental,online,20000,50,0.08262792255999557,4.131396127999778e-06,4.131396127999778,3200.0
136,"(x < 0.0) U[0,3300.0] (x > 0.0)",EagerQualitative,Incremental,online,20000,50,0.08406384172001707,4.203192086000854e-06,4.203192086000854,3300.0
137,"(x < 0.0) U[0,3400.0] (x > 0.0)",EagerQualitative,Incremental,online,20000,50,0.08617274746001385,4.3086373730006925e-06,4.308637373000693,3400.0
138,"(x < 0.0) U[0,3500.0] (x > 0.0)",EagerQualitative,Incremental,online,20000,50,0.08816084248000151,4.408042124000075e-06,4.408042124000075,3500.0
139,"(x < 0.0) U[0,3600.0] (x > 0.0)",EagerQualitative,Incremental,online,20000,50,0.08934962246002215,4.467481123001107e-06,4.467481123001107,3600.0
140,"(x < 0.0) U[0,3700.0] (x > 0.0)",EagerQualitative,Incremental,online,20000,50,0.091306575039971,4.56532875199855e-06,4.56532875199855,3700.0
141,"(x < 0.0) U[0,3800.0] (x > 0.0)",EagerQualitative,Incremental,online,20000,50,0.09295682080001826,4.647841040000913e-06,4.6478410400009125,3800.0
142,"(x < 0.0) U[0,3900.0] (x > 0.0)",EagerQualitative,Incremental,online,20000,50,0.09429713747999813,4.714856873999906e-06,4.714856873999906,3900.0
143,"(x < 0.0) U[0,4000.0] (x > 0.0)",EagerQualitative,Incremental,online,20000,50,0.09640196161996756,4.820098080998378e-06,4.8200980809983776,4000.0
144,"(x < 0.0) U[0,4100.0] (x > 0.0)",EagerQualitative,Incremental,online,20000,50,0.10931561167998552,5.465780583999276e-06,5.465780583999276,4100.0
145,"(x < 0.0) U[0,4200.0] (x > 0.0)",EagerQualitative,Incremental,online,20000,50,0.12199273249993894,6.0996366249969475e-06,6.099636624996948,4200.0
146,"(x < 0.0) U[0,4300.0] (x > 0.0)",EagerQualitative,Incremental,online,20000,50,0.1158295508399624,5.79147754199812e-06,5.79147754199812,4300.0
147,"(x < 0.0) U[0,4400.0] (x > 0.0)",EagerQualitative,Incremental,online,20000,50,0.11827394841999193,5.9136974209995965e-06,5.913697420999596,4400.0
148,"(x < 0.0) U[0,4500.0] (x > 0.0)",EagerQualitative,Incremental,online,20000,50,0.1208873092000249,6.044365460001245e-06,6.044365460001245,4500.0
149,"(x < 0.0) U[0,4600.0] (x > 0.0)",EagerQualitative,Incremental,online,20000,50,0.1265942807999636,6.3297140399981796e-06,6.32971403999818,4600.0
150,"(x < 0.0) U[0,4700.0] (x > 0.0)",EagerQualitative,Incremental,online,20000,50,0.12359771414000534,6.179885707000267e-06,6.179885707000267,4700.0
151,"(x < 0.0) U[0,4800.0] (x > 0.0)",EagerQualitative,Incremental,online,20000,50,0.12709408158002589,6.354704079001295e-06,6.354704079001294,4800.0
152,"(x < 0.0) U[0,4900.0] (x > 0.0)",EagerQualitative,Incremental,online,20000,50,0.12776606172001265,6.388303086000633e-06,6.388303086000633,4900.0
153,"(x < 0.0) U[0,5000.0] (x > 0.0)",EagerQualitative,Incremental,online,20000,50,0.13132133835999413,6.566066917999706e-06,6.566066917999707,5000.0
154,(x < 0.5) and (x > -0.5),EagerQualitative,Incremental,online,20000,50,0.005677171719989929,2.8385858599949645e-07,0.2838585859994964,0.0
155,"G[0,1000] (x > 0.5 -> F[0,100] (x < 0.0))",EagerQualitative,Incremental,online,20000,50,0.009016321680001056,4.508160840000528e-07,0.45081608400005285,1100.0
156,"(G[0,100] (x < 0.5)) or (G[100,150] (x > 0.0))",EagerQualitative,Incremental,online,20000,50,0.008872535960044843,4.4362679800224214e-07,0.44362679800224214,150.0
1,"G[0,1.0] (x > 0.0)",Rosi,Incremental,online,20000,50,0.0054166741600602105,2.708337080030105e-07,0.27083370800301054,1.0
2,"G[0,100.0] (x > 0.0)",Rosi,Incremental,online,20000,50,0.09416069507992689,4.708034753996344e-06,4.708034753996344,100.0
3,"G[0,200.0] (x > 0.0)",Rosi,Incremental,online,20000,50,0.25060161172003065,1.2530080586001532e-05,12.530080586001532,200.0
4,"G[0,300.0] (x > 0.0)",Rosi,Incremental,online,20000,50,0.44454392245997043,2.222719612299852e-05,22.22719612299852,300.0
5,"G[0,400.0] (x > 0.0)",Rosi,Incremental,online,20000,50,0.6590579625199916,3.295289812599958e-05,32.95289812599958,400.0
6,"G[0,500.0] (x > 0.0)",Rosi,Incremental,online,20000,50,0.8898508633200345,4.4492543166001726e-05,44.492543166001724,500.0
7,"G[0,600.0] (x > 0.0)",Rosi,Incremental,online,20000,50,1.141043644959991,5.705218224799955e-05,57.05218224799955,600.0
8,"G[0,700.0] (x > 0.0)",Rosi,Incremental,online,20000,50,1.3889334217000033,6.944667108500016e-05,69.44667108500016,700.0
9,"G[0,800.0] (x > 0.0)",Rosi,Incremental,online,20000,50,1.6461022640799365,8.230511320399683e-05,82.30511320399683,800.0
10,"G[0,900.0] (x > 0.0)",Rosi,Incremental,online,20000,50,1.9067516975400032,9.533758487700016e-05,95.33758487700015,900.0
11,"G[0,1000.0] (x > 0.0)",Rosi,Incremental,online,20000,50,2.170222935919928,0.00010851114679599641,108.51114679599641,1000.0
52,"F[0,1.0] (x > 0.0)",Rosi,Incremental,online,20000,50,0.005391693440005838,2.6958467200029187e-07,0.26958467200029185,1.0
53,"F[0,100.0] (x > 0.0)",Rosi,Incremental,online,20000,50,0.08579587750000428,4.289793875000214e-06,4.289793875000214,100.0
54,"F[0,200.0] (x > 0.0)",Rosi,Incremental,online,20000,50,0.2187176109399843,1.0935880546999215e-05,10.935880546999215,200.0
55,"F[0,300.0] (x > 0.0)",Rosi,Incremental,online,20000,50,0.3759876199599967,1.8799380997999833e-05,18.799380997999833,300.0
56,"F[0,400.0] (x > 0.0)",Rosi,Incremental,online,20000,50,0.5446867375400416,2.723433687700208e-05,27.23433687700208,400.0
57,"F[0,500.0] (x > 0.0)",Rosi,Incremental,online,20000,50,0.7200068624199594,3.600034312099797e-05,36.00034312099797,500.0
58,"F[0,600.0] (x > 0.0)",Rosi,Incremental,online,20000,50,0.9052840466800172,4.526420233400086e-05,45.264202334000856,600.0
59,"F[0,700.0] (x > 0.0)",Rosi,Incremental,online,20000,50,1.1085111441999924,5.542555720999962e-05,55.425557209999624,700.0
60,"F[0,800.0] (x > 0.0)",Rosi,Incremental,online,20000,50,1.2828909774000294,6.414454887000147e-05,64.14454887000147,800.0
61,"F[0,900.0] (x > 0.0)",Rosi,Incremental,online,20000,50,1.4716689108199716,7.358344554099859e-05,73.58344554099858,900.0
62,"F[0,1000.0] (x > 0.0)",Rosi,Incremental,online,20000,50,1.6626818993000052,8.313409496500027e-05,83.13409496500027,1000.0
103,"(x < 0.0) U[0,1.0] (x > 0.0)",Rosi,Incremental,online,20000,50,0.009128226639986678,4.5641133199933387e-07,0.45641133199933387,1.0
104,"(x < 0.0) U[0,100.0] (x > 0.0)",Rosi,Incremental,online,20000,50,1.2545872341800623,6.272936170900312e-05,62.72936170900312,100.0
105,"(x < 0.0) U[0,200.0] (x > 0.0)",Rosi,Incremental,online,20000,50,4.4321189842199695,0.00022160594921099847,221.6059492109985,200.0
106,"(x < 0.0) U[0,300.0] (x > 0.0)",Rosi,Incremental,online,20000,50,8.694965214999984,0.00043474826074999917,434.7482607499992,300.0
107,"(x < 0.0) U[0,400.0] (x > 0.0)",Rosi,Incremental,online,20000,50,14.60683995579997,0.0007303419977899985,730.3419977899986,400.0
108,"(x < 0.0) U[0,500.0] (x > 0.0)",Rosi,Incremental,online,20000,50,22.301591661680014,0.0011150795830840007,1115.0795830840007,500.0
109,"(x < 0.0) U[0,600.0] (x > 0.0)",Rosi,Incremental,online,20000,50,31.719191928459985,0.0015859595964229992,1585.959596422999,600.0
110,"(x < 0.0) U[0,700.0] (x > 0.0)",Rosi,Incremental,online,20000,50,42.93088215746015,0.002146544107873007,2146.5441078730073,700.0
111,"(x < 0.0) U[0,800.0] (x > 0.0)",Rosi,Incremental,online,20000,50,55.6198886199401,0.0027809944309970048,2780.9944309970047,800.0
112,"(x < 0.0) U[0,900.0] (x > 0.0)",Rosi,Incremental,online,20000,50,69.84199309744,0.0034920996548719998,3492.099654872,900.0
113,"(x < 0.0) U[0,1000.0] (x > 0.0)",Rosi,Incremental,online,20000,50,85.45549423163972,0.004272774711581986,4272.774711581986,1000.0
154,(x < 0.5) and (x > -0.5),Rosi,Incremental,online,20000,50,0.005732005019963253,2.866002509981627e-07,0.28660025099816266,0.0
155,"G[0,1000] (x > 0.5 -> F[0,100] (x < 0.0))",Rosi,Incremental,online,20000,50,20.944077206739966,0.0010472038603369983,1047.2038603369983,1100.0
156,"(G[0,100] (x < 0.5)) or (G[100,150] (x > 0.0))",Rosi,Incremental,online,20000,50,0.2972816307401808,1.4864081537009041e-05,14.86408153700904,150.0
